{
  "male": {
    "18-19": {
      "~200": 0.807253,
      "200-400": 0.188571,
      "400-600": 0.003956,
      "600-800": 0.000000,
      "800-1000": 0.000000,
      "1000+": 0.000220
    },
    "20-24": {
      "~200": 0.408674,
      "200-400": 0.512442,
      "400-600": 0.073443,
      "600-800": 0.004332,
      "800-1000": 0.000252,
      "1000+": 0.000856
    },
    "25-29": {
      "~200": 0.143273,
      "200-400": 0.539354,
      "400-600": 0.266488,
      "600-800": 0.040301,
      "800-1000": 0.006424,
      "1000+": 0.004160
    },
    "30-34": {
      "~200": 0.153651,
      "200-400": 0.449312,
      "400-600": 0.304550,
      "600-800": 0.063069,
      "800-1000": 0.017566,
      "1000+": 0.011852
    },
    "35-39": {
      "~200": 0.154282,
      "200-400": 0.423556,
      "400-600": 0.286523,
      "600-800": 0.096611,
      "800-1000": 0.022999,
      "1000+": 0.016029
    },
    "40-44": {
      "~200": 0.172043,
      "200-400": 0.412585,
      "400-600": 0.269514,
      "600-800": 0.101553,
      "800-1000": 0.025289,
      "1000+": 0.019016
    },
    "45-49": {
      "~200": 0.157393,
      "200-400": 0.397371,
      "400-600": 0.269512,
      "600-800": 0.124803,
      "800-1000": 0.033608,
      "1000+": 0.017313
    },
    "50-54": {
      "~200": 0.161242,
      "200-400": 0.385243,
      "400-600": 0.255274,
      "600-800": 0.119262,
      "800-1000": 0.046115,
      "1000+": 0.032863
    },
    "55-59": {
      "~200": 0.195431,
      "200-400": 0.363015,
      "400-600": 0.240954,
      "600-800": 0.119060,
      "800-1000": 0.049692,
      "1000+": 0.031849
    },
    "60-64": {
      "~200": 0.315201,
      "200-400": 0.463393,
      "400-600": 0.138489,
      "600-800": 0.042635,
      "800-1000": 0.025287,
      "1000+": 0.014996
    },
    "65-69": {
      "~200": 0.567148,
      "200-400": 0.349057,
      "400-600": 0.058269,
      "600-800": 0.014428,
      "800-1000": 0.006104,
      "1000+": 0.004994
    },
    "70-74": {
      "~200": 0.694798,
      "200-400": 0.252023,
      "400-600": 0.028902,
      "600-800": 0.006936,
      "800-1000": 0.002312,
      "1000+": 0.015029
    },
    "75+": {
      "~200": 0.698925,
      "200-400": 0.204301,
      "400-600": 0.050179,
      "600-800": 0.007168,
      "800-1000": 0.003584,
      "1000+": 0.035842
    }
  },
  "female": {
    "18-19": {
      "~200": 0.907312,
      "200-400": 0.091700,
      "400-600": 0.000395,
      "600-800": 0.000198,
      "800-1000": 0.000395,
      "1000+": 0.000000
    },
    "20-24": {
      "~200": 0.434845,
      "200-400": 0.530180,
      "400-600": 0.032639,
      "600-800": 0.002087,
      "800-1000": 0.000050,
      "1000+": 0.000199
    },
    "25-29": {
      "~200": 0.183913,
      "200-400": 0.635795,
      "400-600": 0.168057,
      "600-800": 0.010095,
      "800-1000": 0.001865,
      "1000+": 0.000274
    },
    "30-34": {
      "~200": 0.228673,
      "200-400": 0.539308,
      "400-600": 0.186974,
      "600-800": 0.030796,
      "800-1000": 0.010425,
      "1000+": 0.003826
    },
    "35-39": {
      "~200": 0.251491,
      "200-400": 0.496148,
      "400-600": 0.190979,
      "600-800": 0.043862,
      "800-1000": 0.012550,
      "1000+": 0.004970
    },
    "40-44": {
      "~200": 0.248101,
      "200-400": 0.459965,
      "400-600": 0.190970,
      "600-800": 0.070427,
      "800-1000": 0.017972,
      "1000+": 0.012566
    },
    "45-49": {
      "~200": 0.246024,
      "200-400": 0.435019,
      "400-600": 0.208912,
      "600-800": 0.072073,
      "800-1000": 0.020777,
      "1000+": 0.017194
    },
    "50-54": {
      "~200": 0.256748,
      "200-400": 0.391536,
      "400-600": 0.214262,
      "600-800": 0.090970,
      "800-1000": 0.032156,
      "1000+": 0.014329
    },
    "55-59": {
      "~200": 0.263267,
      "200-400": 0.369927,
      "400-600": 0.206816,
      "600-800": 0.096514,
      "800-1000": 0.040583,
      "1000+": 0.022893
    },
    "60-64": {
      "~200": 0.412267,
      "200-400": 0.430933,
      "400-600": 0.099733,
      "600-800": 0.036267,
      "800-1000": 0.009067,
      "1000+": 0.011733
    },
    "65-69": {
      "~200": 0.681472,
      "200-400": 0.230964,
      "400-600": 0.057107,
      "600-800": 0.003807,
      "800-1000": 0.007614,
      "1000+": 0.019036
    },
    "70-74": {
      "~200": 0.763103,
      "200-400": 0.186583,
      "400-600": 0.027254,
      "600-800": 0.000000,
      "800-1000": 0.006289,
      "1000+": 0.016771
    },
    "75+": {
      "~200": 0.746835,
      "200-400": 0.189873,
      "400-600": 0.025316,
      "600-800": 0.029536,
      "800-1000": 0.000000,
      "1000+": 0.008439
    }
  }
}
