{
  "male": {
    "18-19": {
      "~200": 0.835900,
      "200-400": 0.146300,
      "400-600": 0.017100,
      "600-800": 0.000700,
      "800-1000": 0.000000,
      "1000+": 0.000000
    },
    "20～24": {
      "~200": 0.506300,
      "200-400": 0.389400,
      "400-600": 0.093300,
      "600-800": 0.009800,
      "800-1000": 0.001000,
      "1000+": 0.000200
    },
    "25～29": {
      "~200": 0.244400,
      "200-400": 0.415800,
      "400-600": 0.260600,
      "600-800": 0.063000,
      "800-1000": 0.012300,
      "1000+": 0.003900
    },
    "30～34": {
      "~200": 0.142400,
      "200-400": 0.299800,
      "400-600": 0.326600,
      "600-800": 0.152100,
      "800-1000": 0.050400,
      "1000+": 0.028700
    },
    "35～39": {
      "~200": 0.095800,
      "200-400": 0.230500,
      "400-600": 0.312100,
      "600-800": 0.192500,
      "800-1000": 0.084100,
      "1000+": 0.085000
    },
    "40～44": {
      "~200": 0.068100,
      "200-400": 0.183200,
      "400-600": 0.286900,
      "600-800": 0.209400,
      "800-1000": 0.107500,
      "1000+": 0.144900
    },
    "45～49": {
      "~200": 0.056500,
      "200-400": 0.159500,
      "400-600": 0.260700,
      "600-800": 0.207400,
      "800-1000": 0.115700,
      "1000+": 0.200200
    },
    "50～54": {
      "~200": 0.043900,
      "200-400": 0.130500,
      "400-600": 0.228300,
      "600-800": 0.203400,
      "800-1000": 0.124100,
      "1000+": 0.269800
    },
    "55～59": {
      "~200": 0.039200,
      "200-400": 0.118300,
      "400-600": 0.214100,
      "600-800": 0.201700,
      "800-1000": 0.124900,
      "1000+": 0.301800
    },
    "60～64": {
      "~200": 0.084300,
      "200-400": 0.220400,
      "400-600": 0.287700,
      "600-800": 0.186100,
      "800-1000": 0.081900,
      "1000+": 0.139600
    },
    "65～69": {
      "~200": 0.170700,
      "200-400": 0.343400,
      "400-600": 0.295500,
      "600-800": 0.128400,
      "800-1000": 0.039700,
      "1000+": 0.022300
    },
    "70+": {
      "~200": 0.252200,
      "200-400": 0.401500,
      "400-600": 0.245600,
      "600-800": 0.075300,
      "800-1000": 0.017700,
      "1000+": 0.007700
    }
  },
  "female": {
    "18-19": {
      "~200": 0.932200,
      "200-400": 0.064100,
      "400-600": 0.003600,
      "600-800": 0.000100,
      "800-1000": 0.000000,
      "1000+": 0.000000
    },
    "20～24": {
      "~200": 0.740700,
      "200-400": 0.220500,
      "400-600": 0.036500,
      "600-800": 0.002100,
      "800-1000": 0.000200,
      "1000+": 0.000000
    },
    "25～29": {
      "~200": 0.481900,
      "200-400": 0.377100,
      "400-600": 0.121600,
      "600-800": 0.017100,
      "800-1000": 0.002100,
      "1000+": 0.000200
    },
    "30～34": {
      "~200": 0.510900,
      "200-400": 0.369300,
      "400-600": 0.103000,
      "600-800": 0.015100,
      "800-1000": 0.001600,
      "1000+": 0.000100
    },
    "35～39": {
      "~200": 0.533900,
      "200-400": 0.358500,
      "400-600": 0.093600,
      "600-800": 0.012800,
      "800-1000": 0.001200,
      "1000+": 0.000000
    },
    "40～44": {
      "~200": 0.522800,
      "200-400": 0.366800,
      "400-600": 0.097100,
      "600-800": 0.012800,
      "800-1000": 0.000900,
      "1000+": 0.000000
    },
    "45～49": {
      "~200": 0.507100,
      "200-400": 0.378300,
      "400-600": 0.101400,
      "600-800": 0.012500,
      "800-1000": 0.000700,
      "1000+": 0.000000
    },
    "50～54": {
      "~200": 0.512600,
      "200-400": 0.374200,
      "400-600": 0.100500,
      "600-800": 0.012000,
      "800-1000": 0.000700,
      "1000+": 0.000000
    },
    "55～59": {
      "~200": 0.524000,
      "200-400": 0.365700,
      "400-600": 0.097600,
      "600-800": 0.012000,
      "800-1000": 0.000700,
      "1000+": 0.000000
    },
    "60～64": {
      "~200": 0.675000,
      "200-400": 0.266000,
      "400-600": 0.052400,
      "600-800": 0.006200,
      "800-1000": 0.000400,
      "1000+": 0.000000
    },
    "65～69": {
      "~200": 0.779200,
      "200-400": 0.193900,
      "400-600": 0.024600,
      "600-800": 0.002200,
      "800-1000": 0.000100,
      "1000+": 0.000000
    },
    "70+": {
      "~200": 0.825000,
      "200-400": 0.160500,
      "400-600": 0.013400,
      "600-800": 0.001100,
      "800-1000": 0.000000,
      "1000+": 0.000000
    }
  }
}
